,Dataset,Accuracy,Standard Deviation
0,2d.csv,0.9642099414859794,0.0012281541438879447
1,original.csv,0.22055699247725413,0.008485676298729539
2,3d.csv,0.9674638736832882,0.001970322395046519
